N, Solutions, walltime
1, 1, 0.000124
2, 0, 0.000117
3, 0, 0.000104
4, 2, 0.000117
5, 10, 0.000109
6, 4, 0.000117
7, 40, 0.000160
8, 92, 0.000308
9, 352, 0.001091
10, 724, 0.004337
11, 2680, 0.023716
12, 14200, 0.123145
13, 73712, 0.782504
14, 365596, 4.699823
15, 2279184, 33.515996
16, 14772512, 229.261848
17, 95815104, 1812.590317
