N, Solutions, walltime
1, 1, 0.000268
2, 0, 0.000275
3, 0, 0.000254
4, 2, 0.000260
5, 10, 0.000247
6, 4, 0.000316
7, 40, 0.000295
8, 92, 0.000383
9, 352, 0.000659
10, 724, 0.001952
11, 2680, 0.008508
12, 14200, 0.043116
13, 73712, 0.313759
14, 365596, 1.914597
15, 2279184, 12.427729
16, 14772512, 85.395196
17, 95815104, 618.869005
