Solutions, walltime
1, 0.000200
0, 0.000176
0, 0.000235
2, 0.000251
10, 0.000204
4, 0.000219
40, 0.000202
92, 0.000972
352, 0.000594
724, 0.001960
2680, 0.011336
14200, 0.059728
73712, 0.338471
365596, 2.035126
2279184, 13.102749
14772512, 107.093725
