Solutions, walltime
1, 0.001724
0, 0.000297
0, 0.000277
2, 0.003211
10, 0.003329
4, 0.000337
40, 0.003312
92, 0.000357
352, 0.001006
724, 0.001982
2680, 0.008560
14200, 0.042885
73712, 0.235019
365596, 1.388083
2279184, 11.539714
14772512, 80.185189
