Solutions, walltime
1, 0.000186
0, 0.000137
0, 0.000166
2, 0.000879
10, 0.000149
4, 0.000147
40, 0.000169
92, 0.000255
352, 0.000693
724, 0.002620
2680, 0.012231
14200, 0.063350
73712, 0.429961
365596, 2.614846
2279184, 16.974900
14772512, 116.284089
95815104, 971.531665
