Solutions, walltime
1, 0.000033
0, 0.000033
0, 0.000024
2, 0.000026
10, 0.000033
4, 0.000051
40, 0.000116
92, 0.000417
352, 0.001766
724, 0.008384
2680, 0.043482
14200, 0.244885
73712, 1.466219
365596, 9.365769
2279184, 63.534834
14772512, 457.620827
