Solutions, walltime
1, 0.000178
0, 0.000168
0, 0.000187
2, 0.000132
10, 0.000132
4, 0.000156
40, 0.000175
92, 0.000289
352, 0.000739
724, 0.003336
2680, 0.015788
14200, 0.083017
73712, 0.546574
365596, 3.307972
2279184, 21.349033
14772512, 166.412056
95815104, 1207.303719
