Solutions, walltime
1, 0.003250
0, 0.003209
0, 0.003258
2, 0.003308
10, 0.003269
4, 0.003267
40, 0.003224
92, 0.000388
352, 0.000650
724, 0.003323
2680, 0.009743
14200, 0.042203
73712, 0.234721
365596, 1.372644
2279184, 8.726298
14772512, 59.561853
