time (seconds), threads
16.408217, 0
16.424282, 0
16.415582, 0
16.424559, 0
16.423984, 0
16.442164, 1 
16.460703, 1
16.457413, 1
16.456855, 1
16.457708, 1
11.573635, 2
11.577553, 2
11.585756, 2
11.582476, 2
11.589203, 2
10.679814, 4
10.684741, 4
10.686237, 4
10.689403, 4
10.691382, 4
11.784540, 8
11.785410, 8
12.017444, 8
11.779556, 8
11.773458, 8 