Pi, Time (s)
3.14163, 250.828
3.14155, 250.824
3.14162, 250.364
3.14153, 254.107
3.14159, 250.354