Pi, Time(s)
3.14062, 814.284
3.14059, 815.05
3.14048, 815.451
3.14066, 814.888
3.14062, 814.271