Pi, Time (s)
3.14084, 725.086
3.14091, 722.858
3.14085, 753.157
3.1411, 764.795
3.14057, 681.746