Pi, Time (s)
3.14157, 598.971
3.14162, 699.002
3.14169, 610.508
3.14176, 610.753
3.14158, 664.726